manufacturer,type,model,option,disp,hp,city_mpg,high_mpg,price,fuel,weight,class,origin
르노삼성,중형,SM6,2.0 가솔린,1998,140,10.2,13.1,2268,가솔린,1420,세단,kor
르노삼성,중형,SM6,2.0 가솔린 GDe,1997,150,10.7,14.7,2405,가솔린,1405,세단,kor
르노삼성,중형,SM6,1.6 가솔린 터보,1618,190,11,14.1,2960,가솔린,1435,세단,kor
쉐보레,중형,말리부 하이브리드,1.8 HEV,1796,124,17.3,16.8,3509,하이브리드,1530,세단,kor
현대자동차,중형,쏘나타 하이브리드,2.0 HEV,1999,195,20,20.1,2754,하이브리드,1495,세단,kor
기아자동차,준대형,K7 하이브리드,2.4 HEV,2359,159,16.1,16.2,3622,하이브리드,1675,세단,kor
기아자동차,준대형,K7,3.0 Lpi,2999,235,6.6,9.3,3094,LPG,1635,세단,kor
기아자동차,준대형,K7,2.5 가솔린,2497,198,10.3,14.5,3102,가솔린,1565,세단,kor
기아자동차,준대형,K7,2.2 디젤,2199,202,13,17,3367,디젤,1705,세단,kor
기아자동차,준대형,K7,3.0 가솔린,2999,266,8.7,12.2,3593,가솔린,1645,세단,kor
기아자동차,중형,스팅어,2.0 가솔린 터보,1998,255,9.2,12.2,3524,가솔린,1650,세단,kor
기아자동차,중형,스팅어,2.2 디젤,2199,202,13,16,3740,디젤,1730,세단,kor
기아자동차,중형,스팅어,2.0 가솔린 터보 AWD,1998,255,8.3,11.4,3769,가솔린,1715,세단,kor
기아자동차,중형,스팅어,2.2 디젤 AWD,2199,202,11.9,15.5,3985,디젤,1800,세단,kor
현대자동차,준중형,아반떼,1.6 가솔린,1598,123,12.8,16.8,1411,가솔린,1230,세단,kor
현대자동차,준중형,아반떼,1.6 LPi,1591,120,9.3,12.6,1698,LPG,1270,세단,kor
현대자동차,준중형,아반떼,1.6 LPi(장애인용),1591,120,9.3,12.6,2003,LPG,1270,세단,kor
기아자동차,대형,K9,3.8 가솔린,3778,315,7.8,11,5419,가솔린,1915,세단,kor
기아자동차,대형,K9,3.8 가솔린 AWD,3778,315,7.3,10.3,5664,가솔린,1985,세단,kor
기아자동차,대형,K9,3.3 가솔린 터보,3342,370,7.4,10.9,6558,가솔린,2015,세단,kor
기아자동차,대형,K9,3.3 가솔린 터보 AWD,3342,370,7,10.1,6803,가솔린,2085,세단,kor
기아자동차,대형,K9,5.0 가솔린,5038,425,6.4,9.5,9179,가솔린,2165,세단,kor
기아자동차,중형,K5 하이브리드,2.0 HEV,1999,156,16.8,17.7,2848,하이브리드,1580,세단,kor
기아자동차,중형,K5,2.0 LPi,1999,151,8.3,11.3,2225,LPG,1455,세단,kor
기아자동차,중형,K5,2.0 가솔린,1999,163,10.2,13.8,2228,가솔린,1455,세단,kor
기아자동차,중형,K5,1.6 가솔린 터보,1591,180,11.1,14.3,2489,가솔린,1460,세단,kor
기아자동차,중형,K5,1.7 디젤,1685,141,14.5,17.2,2547,디젤,1510,세단,kor
현대자동차,중형,쏘나타,2.0 가솔린,1999,160,11.9,15.5,2346,가솔린,1405,세단,kor
현대자동차,중형,쏘나타,2.0 LPi,1999,146,9.1,12.1,2457,LPG,1410,세단,kor
현대자동차,중형,쏘나타,2.0 LPI(장애인용),1999,146,9.1,12.1,2558,LPG,1410,세단,kor
르노삼성,준대형,SM7,2.0 LPe 일반,1998,140,7.8,9.9,2535,LPG,1535,세단,kor
르노삼성,준대형,SM7,2.5 가솔린,2495,190,7.9,11.2,3302,가솔린,1635,세단,kor
제네시스,대형,G90L,5.0 가솔린 5인승,5038,425,6.1,9.3,15511,가솔린,2270,세단,kor
제네시스,대형,G90L,5.0 가솔린 4인승,5038,425,,,15855,가솔린,2290,세단,kor
현대자동차,준중형,아반떼 스포츠,1.6 가솔린 터보,1591,204,10.8,13.7,1964,가솔린,1350,세단,kor
쉐보레,중형,말리부,1.35 가솔린 터보,1341,156,12.8,16.2,2345,가솔린,1400,세단,kor
쉐보레,중형,말리부,1.6 디젤,1598,136,13.7,17.7,2936,디젤,1470,세단,kor
쉐보레,중형,말리부,2.0 가솔린 터보,1998,253,9.4,13.2,3022,가솔린,1470,세단,kor
제네시스,대형,G90,3.8 가솔린,3778,315,7.9,10.7,7706,가솔린,2020,세단,kor
제네시스,대형,G90,3.8 가솔린 AWD,3778,315,7.9,10.7,7951,가솔린,2090,세단,kor
제네시스,대형,G90,3.3 가솔린 터보,3342,370,7.6,10.7,8099,가솔린,2065,세단,kor
제네시스,대형,G90,3.3 가솔린 터보 AWD,3342,370,7.6,10.7,8344,가솔린,2130,세단,kor
제네시스,대형,G90,5.0 가솔린,5038,425,6.2,9.3,11878,가솔린,2225,세단,kor
현대자동차,준대형,그랜저 하이브리드,2.4 HEV,2359,159,16.1,16.2,3576,하이브리드,1675,세단,kor
현대자동차,준대형,그랜저,3.0 LPi,2999,235,6.6,9.4,3086,LPG,1665,세단,kor
현대자동차,준대형,그랜저,2.4 가솔린,2359,190,9.7,13.3,3112,가솔린,1550,세단,kor
현대자동차,준대형,그랜저,3.0 가솔린,2999,266,8.6,12.3,3495,가솔린,1630,세단,kor
현대자동차,준대형,그랜저,3.3 가솔린,3342,290,8.4,11.9,4270,가솔린,1680,세단,kor
기아자동차,준중형,K3 GT,1.6 가솔린 터보 4도어,1591,204,11,13,1993,가솔린,1330,세단,kor
기아자동차,준중형,K3 GT,1.6 가솔린 터보 5도어,1591,204,11,13,2224,가솔린,1385,세단,kor
기아자동차,준중형,k3,1.6 가솔린,1598,123,13,17,1571,가솔린,1235,세단,kor
제네시스,중형,G70,2.0 가솔린 터보,1998,252,9.2,12.4,3701,가솔린,1595,세단,kor
제네시스,중형,G70,2.0 가솔린 터보 AWD,1998,252,8.4,11.3,3946,가솔린,1665,세단,kor
제네시스,중형,G70,2.2 디젤,2199,202,13.1,16.7,4025,디젤,1690,세단,kor
제네시스,중형,G70,2.2 디젤 AWD,2199,202,12.2,15.6,4270,디젤,1765,세단,kor
제네시스,중형,G70,3.3 가솔린 터보 스포츠,3342,370,7.9,10.6,4511,가솔린,1705,세단,kor
제네시스,중형,G70,3.3 가솔린 터보 스포츠 AWD,3342,370,7.4,10.5,4756,가솔린,1775,세단,kor
제네시스,준대형,G80 스포츠,3.3 가솔린 터보,3342,370,7.4,10.5,6764,가솔린,2020,세단,kor
제네시스,준대형,G80 스포츠,3.3 가솔린 터보 AWD,3342,370,,,7009,가솔린,2090,세단,kor
제네시스,준대형,G80,3.3 가솔린,3342,282,7.9,11.2,4899,가솔린,1910,세단,kor
제네시스,준대형,G80,3.3 가솔린 AWD,3342,282,7.3,10.2,5144,가솔린,1980,세단,kor
제네시스,준대형,G80,2.2 디젤,2199,202,12.3,16.1,5183,디젤,1955,세단,kor
제네시스,준대형,G80,3.8 가솔린,3778,315,7.6,10.6,5272,가솔린,1965,세단,kor
제네시스,준대형,G80,2.2 디젤 AWD,2199,202,10.9,14.2,5428,디젤,2025,세단,kor
제네시스,준대형,G80,3.8 가솔린 AWD,3778,315,7.1,9.9,5517,가솔린,2035,세단,kor
현대자동차,소형,엑센트,1.4 가솔린,1368,100,12,15.6,1138,가솔린,1070,세단,kor
현대자동차,소형,엑센트,1.4 가솔린(장애인용),1368,100,12,15.6,1375,가솔린,1105,세단,kor
르노삼성,중형,SM5,2.0 가솔린,1998,141,10.3,12.5,2155,가솔린,1415,세단,kor
르노삼성,준중형,SM3,1.6 가솔린,1598,117,12.5,15.7,1444,가솔린,1195,세단,kor
기아자동차,준대형,모하비,3.0 디젤,2959,260,8.3,11.1,4700,디젤,2250,SUV,kor
쌍용자동차,준대형,G4 렉스턴,2.2 디젤,2157,187,9.3,12.2,3439,디젤,2060,SUV,kor
쌍용자동차,준대형,G4 렉스턴,2.2 디젤 4WD,2157,187,9,11.8,3631,디젤,2170,SUV,kor
현대자동차,소형,코나 하이브리드,1.6 HEV,1580,141,20.1,18.4,2373,하이브리드,1395,SUV,kor
현대자동차,소형,코나,1.6 가솔린,1591,177,11.4,14.9,1914,가솔린,1320,SUV,kor
현대자동차,소형,코나,1.6 가솔린 4WD,1591,177,11.3,10.1,2101,가솔린,1400,SUV,kor
현대자동차,소형,코나,1.6 디젤,1598,136,16.7,18.6,2105,디젤,1370,SUV,kor
현대자동차,소형,코나,1.6 디젤 4WD,1598,136,15,16.7,2292,디젤,1455,SUV,kor
기아자동차,준중형,스포티지,2.0 가솔린,1999,152,9.6,11.9,2342,가솔린,1495,SUV,kor
기아자동차,준중형,스포티지,D 1.6 디젤,1598,136,15.5,17.5,2381,디젤,1575,SUV,kor
기아자동차,준중형,스포티지,R 2.0 디젤,1995,186,13.2,16.2,2430,디젤,1670,SUV,kor
기아자동차,준중형,스포티지,D 1.6 디젤 4WD,1598,136,14,15.4,2587,디젤,1640,SUV,kor
기아자동차,준중형,스포티지,R 2.0 디젤 4WD,1995,186,12,14.2,2636,디젤,1720,SUV,kor
기아자동차,소형,셀토스,1.6 가솔린 터보,1591,177,11.5,14.4,1929,가솔린,1345,SUV,kor
기아자동차,소형,셀토스,1.6 가솔린 터보 4WD,1591,177,10.1,12.5,2106,가솔린,1425,SUV,kor
기아자동차,소형,셀토스,1.6 디젤,1598,136,16.7,18.7,2120,디젤,1385,SUV,kor
기아자동차,소형,셀토스,1.6 디젤 4WD,1598,136,15.2,17.2,2297,디젤,1470,SUV,kor
현대자동차,소형,베뉴,1.6 가솔린,1598,123,12.7,15.2,1473,가솔린,1155,SUV,kor
르노삼성,중형,QM6,2.0 LPe,1998,140,8.1,10.2,2376,LPG,,SUV,kor
르노삼성,중형,QM6,2.0 GDe,1997,144,11.1,13.5,2445,가솔린,,SUV,kor
르노삼성,중형,QM6,1.7 dCi,1749,150,13.1,16.3,2725,디젤,1700,SUV,kor
르노삼성,중형,QM6,2.0 dCi,1997,190,11.8,14,3270,디젤,1785,SUV,kor
쌍용자동차,소형,티볼리,1.5 가솔린 터보,1497,163,10.6,13,1678,가솔린,1305,SUV,kor
쌍용자동차,소형,티볼리,1.5 가솔린 터보 AWD,1497,163,9.2,11.8,2015,가솔린,1470,SUV,kor
쌍용자동차,소형,티볼리,1.6 디젤,1597,136,13.6,15.9,2055,디젤,1475,SUV,kor
쌍용자동차,소형,티볼리,1.6 디젤 AWD,1597,136,12.5,15.4,2232,디젤,1530,SUV,kor
현대자동차,중형,싼타페,2.0 가솔린 터보,1998,235,8.4,11.4,2695,가솔린,1680,SUV,kor
현대자동차,중형,싼타페,2.0 가솔린 터보 AWD,1998,235,7.9,10.9,2891,가솔린,1745,SUV,kor
현대자동차,중형,싼타페,2.0 디젤,1995,186,12.7,15.4,2950,디젤,1795,SUV,kor
현대자동차,중형,싼타페,2.2 디젤,2199,202,12.4,15.4,2975,디젤,1820,SUV,kor
현대자동차,중형,싼타페,2.0 디젤 AWD,1995,186,11.3,13.9,3146,디젤,1860,SUV,kor
현대자동차,중형,싼타페,2.2 디젤 AWD,2199,202,11.3,13.8,3171,디젤,1885,SUV,kor
기아자동차,준중형,니로 하이브리드,1.6 HEV,1580,149,20.1,18.7,2420,하이브리드,1425,SUV,kor
기아자동차,준중형,니로 플러그인 하이브리드,1.6 가솔린 PHEV,1580,166,19.2,17.8,3452,하이브리드,1550,SUV,kor
쌍용자동차,준중형,코란도,1.6 디젤,1597,136,13.2,15.5,2216,디젤,1525,SUV,kor
쌍용자동차,준중형,코란도,1.5 가솔린,1497,170,10.4,12.5,2256,가솔린,1470,SUV,kor
쌍용자동차,준중형,코란도,1.5 가솔린 AWD,1497,170,9.1,11.6,2466,가솔린,1535,SUV,kor
쌍용자동차,준중형,코란도,1.6 디젤 AWD,1597,136,12.3,14.9,2616,디젤,1640,SUV,kor
기아자동차,중형,쏘렌토,2.0 가솔린,1998,240,8.2,11.9,2763,가솔린,1770,SUV,kor
기아자동차,중형,쏘렌토,2.0 디젤,1995,186,12.7,15.4,2788,디젤,1825,SUV,kor
기아자동차,중형,쏘렌토,2.2 디젤,2199,202,12.5,15.3,2842,디젤,1840,SUV,kor
기아자동차,중형,쏘렌토,2.0 가솔린 4WD,1998,240,7.6,10.4,2969,가솔린,1845,SUV,kor
기아자동차,중형,쏘렌토,2.0 디젤 4WD,1995,186,11.5,13.7,3190,디젤,1905,SUV,kor
기아자동차,중형,쏘렌토,2.2 디젤 4WD,2199,202,11.4,14,3244,디젤,1920,SUV,kor
기아자동차,소형,쏘울 부스터,1.6 가솔린 터보,1591,204,11.5,13.6,1914,가솔린,1350,SUV,kor
현대자동차,준대형,팰리세이드,3.8 가솔린,3778,295,8.5,10.4,3475,가솔린,1880,SUV,kor
현대자동차,준대형,팰리세이드,2.2 디젤,2199,202,11.9,13.8,3622,디젤,1955,SUV,kor
현대자동차,준대형,팰리세이드,3.8 가솔린 AWD,3778,295,7.9,10.6,3706,가솔린,1950,SUV,kor
현대자동차,준대형,팰리세이드,2.2 디젤 AWD,2199,202,10.9,13,3853,디젤,2020,SUV,kor
쌍용자동차,소형,티볼리 에어,1.6 가솔린,1597,126,9.7,12.5,1876,가솔린,1355,SUV,kor
쌍용자동차,소형,티볼리 에어,1.6 디젤,1597,115,11.8,15.7,1963,디젤,1410,SUV,kor
쌍용자동차,소형,티볼리 에어,1.6 가솔린 4WD,1597,126,8.9,11.7,2053,가솔린,1455,SUV,kor
쌍용자동차,소형,티볼리 에어,1.6 디젤 4WD,1597,115,11.4,15,2297,디젤,1535,SUV,kor
기아자동차,소형,스토닉,1.4 가솔린,1368,100,11.5,14.2,1625,가솔린,1150,SUV,kor
기아자동차,소형,스토닉,1.0 가솔린 터보,998,120,12.5,14.9,1914,가솔린,1205,SUV,kor
현대자동차,준중형,투싼,1.6 가솔린,1591,177,10.6,12.4,2351,가솔린,1515,SUV,kor
현대자동차,준중형,투싼,1.6 디젤,1598,136,14.7,16.2,2381,디젤,1580,SUV,kor
현대자동차,준중형,투싼,2.0 디젤,1995,186,12.9,15.1,2430,디젤,1670,SUV,kor
현대자동차,준중형,투싼,1.6 가솔린 AWD,1591,177,9.8,11.3,2547,가솔린,1580,SUV,kor
현대자동차,준중형,투싼,1.6 디젤 AWD,1598,136,13.4,14.5,2577,디젤,1645,SUV,kor
현대자동차,준중형,투싼,2.0 디젤 AWD,1995,186,11.6,13.6,2626,디젤,1720,SUV,kor
쉐보레,소형,트랙스,1.4 가솔린 터보,1362,140,10.7,13.3,1634,가솔린,1350,SUV,kor
쉐보레,소형,트랙스,1.6 디젤,1598,135,12.7,16.2,2027,디젤,1415,SUV,kor
BMW,준대형,X5,30d xDrive,2993,265,9.2,11.1,9790,디젤,2110,SUV,nonkor
BMW,준대형,X5,M50d,2993,400,9.2,11.1,13860,디젤,2275,SUV,nonkor
BMW,대형,X7,xDrive 30d 디자인 퓨어 엑셀런스,2993,265,8.7,10.6,12290,디젤,2370,SUV,nonkor
BMW,대형,X7,xDrive 40i 디자인 퓨어 엑셀런스,2998,340,7.5,9.2,12490,가솔린,232,SUV,nonkor
BMW,대형,X7,xDrive 30d M 스포츠,2993,265,8.7,10.6,12780,디젤,2370,SUV,nonkor
BMW,대형,X7,xDrive M50d,2993,400,8.7,10.6,16240,디젤,2460,SUV,nonkor
BMW,중형,X4,20d xDrive,1995,190,10.7,12.7,6920,디젤,1910,SUV,nonkor
BMW,중형,X4,M40d xDrive,2993,326,9.6,12.4,9150,디젤,2025,SUV,nonkor
DS,중형,7 크로스백,2.0 디젤,1997,177,11.7,14.4,5190,디젤,1725,SUV,nonkor
닛산,준중형,엑스트레일,2.5 가솔린,2488,172,9.9,12.9,3460,가솔린,1615,SUV,nonkor
닛산,준중형,엑스트레일,2.5 가솔린 4WD,2488,172,9.6,12,3750,가솔린,1670,SUV,nonkor
람보르기니,대형,우루스,4.0 가솔린,3996,650,,,25000,가솔린,2200,SUV,nonkor
랜드로버,준중형,레인지로버 이보크,D150,1994,150,11.2,14.6,6800,디젤,1891,SUV,nonkor
랜드로버,준중형,레인지로버 이보크,P250,1998,249,,,7390,가솔린,1893,SUV,nonkor
랜드로버,준중형,레인지로버 이보크,D180,1994,180,10.8,13.5,7680,디젤,1891,SUV,nonkor
랜드로버,준대형,레인지로버 스포츠 SVR,5.0SC,5000,575,5.1,7.8,19020,가솔린,2445,SUV,nonkor
랜드로버,준대형,레인지로버 스포츠,3.0SC,2995,340,6.4,9.2,14440,가솔린,2395,SUV,nonkor
랜드로버,준대형,레인지로버 스포츠,SDV6,2993,306,9.6,12.5,13200,디젤,2315,SUV,nonkor
랜드로버,중형,레인지로버 벨라,D240,1999,240,10.5,11.4,9590,디젤,,SUV,nonkor
랜드로버,중형,레인지로버 벨라,D240 R-DYNAMIC,1999,240,10.5,11.4,10640,디젤,,SUV,nonkor
랜드로버,중형,레인지로버 벨라,D300 R-DYNAMIC,2993,300,10.9,16.2,11200,디젤,,SUV,nonkor
랜드로버,중형,레인지로버 벨라,P380 R-DYNAMIC,2995,380,7,9.1,11280,가솔린,,SUV,nonkor
랜드로버,대형,레인지로버 LWB,SDV8,4367,339,7,9.7,21820,디젤,2765,SUV,nonkor
랜드로버,대형,레인지로버 LWB,5.0SC,5000,525,4.7,7.5,23820,가솔린,2680,SUV,nonkor
랜드로버,대형,레인지로버,SDV8,4367,339,7,9.7,18640,디젤,2685,SUV,nonkor
랜드로버,대형,레인지로버,5.0SC,5000,525,4.7,7.5,20430,가솔린,2625,SUV,nonkor
랜드로버,중형,디스커버리 스포츠,TD4 150PS,1999,150,10.3,12.6,5940,디젤,2020,SUV,nonkor
랜드로버,중형,디스커버리 스포츠,TD4 180PS,1999,180,10.9,13.9,6520,디젤,2030,SUV,nonkor
랜드로버,준대형,디스커버리,SD4,1999,240,8.1,10.2,8000,디젤,2335,SUV,nonkor
랜드로버,준대형,디스커버리,SD6,2993,306,,,8800,디젤,2450,SUV,nonkor
랜드로버,준대형,레인지로버 스포츠 플러그인 하이브리드,P400e,1997,300,,,15250,하이브리드,2539,SUV,nonkor
렉서스,중형,NX 하이브리드,NX 300h,2494,152,12.4,11.5,5820,하이브리드,1900,SUV,nonkor
렉서스,준중형,UX 하이브리드,UX 250h,1987,146,,,4510,하이브리드,1605,SUV,nonkor
렉서스,준중형,UX 하이브리드,UX 250h AWD,1987,146,16.5,15.3,5410,하이브리드,1660,SUV,nonkor
링컨,중형,노틸러스,2.7 가솔린,2694,333,7.5,10.9,5870,가솔린,2195,SUV,nonkor
마세라티,준대형,르반떼,르반떼,2979,350,,,12820,가솔린,2265,SUV,nonkor
마세라티,준대형,르반떼,르반떼 S,2979,430,,,15780,가솔린,2265,SUV,nonkor
메르세데스-벤츠,준대형,GLE 클래스,GLE 300d,1950,245,10,11.4,9030,디젤,,SUV,nonkor
메르세데스-벤츠,준대형,GLE 클래스,GEL 450,2999,367,8.3,9.5,11050,가솔린,,SUV,nonkor
메르세데스-벤츠,중형,G63 AMG,AMG G 63,3982,585,5.7,6.6,21190,가솔린,2560,SUV,nonkor
메르세데스-벤츠,중형,GLC 쿠페,GLC 300 4MATIC,1991,245,8.7,11.1,7390,가솔린,1825,SUV,nonkor
미니,소형,컨트리맨 JCW,JCW 올포 A/T,1998,231,9,12.2,5920,디젤,1655,SUV,nonkor
볼보,중형,V60 크로스컨트리,T5,1969,254,8.8,12.4,5280,가솔린,1840,SUV,nonkor
쉐보레,준대형,트래버스,3.6 가솔린,3564,314,7.1,10.3,4520,가솔린,,SUV,nonkor
시트로엥,소형,C3 에어크로스,1.5 BlueHDi,1499,120,13.4,15.1,2925,디젤,,SUV,nonkor
시트로엥,준중형,C5 에어크로스,1.5 디젤,1499,130,13.6,15.1,3943,디젤,1585,SUV,nonkor
시트로엥,준중형,C5 에어크로스,2.0 디젤,1997,177,11.8,14,4734,디젤,1685,SUV,nonkor
시트로엥,소형,뉴 C4 칵투스(EAT6),1.5 Blue Hdi,1499,120,14.4,17.1,2944,디젤,1265,SUV,nonkor
아우디,준대형,Q7,45 TFSI 콰트로,1984,252,7.7,10,7848,가솔린,2065,SUV,nonkor
인피니티,중형,QX50,2.0 가솔린,1997,272,,,5190,가솔린,1740,SUV,nonkor
인피니티,중형,QX50,2.0 가솔린 AWD,1997,272,,,5830,가솔린,1870,SUV,nonkor
인피니티,준대형,QX60,3.5 가솔린,3498,299,7.9,10.5,5920,가솔린,2050,SUV,nonkor
인피니티,준대형,QX60,3.5 가솔린 AWD,3498,299,7.7,10.3,6340,가솔린,2110,SUV,nonkor
재규어,중형,F-페이스,20D,1999,180,11.7,14.3,7110,디젤,1845,SUV,nonkor
재규어,중형,F-페이스,30D,2993,300,10.4,13.1,12600,디젤,1954,SUV,nonkor
재규어,준중형,E-페이스,D180,1999,180,11,14.7,5450,디젤,,SUV,nonkor
재규어,준중형,E-페이스,P250,1997,249,,,6020,가솔린,1895,SUV,nonkor
재규어,준중형,E-페이스,P250 R-Dynamic,1997,249,,,6410,가솔린,1895,SUV,nonkor
지프,소형,레니게이드,2.4 가솔린 FWD,2360,175,8.9,11.9,3390,가솔린,1460,SUV,nonkor
지프,소형,레니게이드,2.4 가솔린 AWD,2360,175,8,11.3,3990,가솔린,1585,SUV,nonkor
지프,소형,레니게이드,2.0 디젤 AWD,1956,170,10.5,13.7,4340,디젤,1665,SUV,nonkor
지프,중형,랭글러 4도어,2.0 가솔린 터보,1995,272,8.3,10,4940,가솔린,1940,SUV,nonkor
캐딜락,대형,에스컬레이드,V8 럭셔리 A/T,6162,426,6,8.5,12833,가솔린,2650,SUV,nonkor
캐딜락,대형,에스컬레이드,V8 플래티넘 A/T,6162,426,6,8.5,13817,가솔린,2650,SUV,nonkor
캐딜락,중형,XT5,3.6 가솔린,3649,314,,,6605,가솔린,2030,SUV,nonkor
토요타,준중형,라브4 하이브리드,2.5 HEV,2487,178,16.5,15.1,3930,하이브리드,1645,SUV,nonkor
토요타,준중형,라브4 하이브리드,2.5 HEV AWD,2487,178,16.2,14.6,4580,하이브리드,1720,SUV,nonkor
토요타,준중형,라브4,2.5 가솔린,2487,207,10.1,13.6,3540,가솔린,1535,SUV,nonkor
포르쉐,준대형,카이엔,3.0 V6,2995,340,,,10020,가솔린,2135,SUV,nonkor
포르쉐,중형,마칸,2.0 A/T,1984,237,8,10.5,7560,가솔린,1845,SUV,nonkor
혼다,소형,HR-V,1.8 가솔린,1799,143,12.1,14.6,3190,가솔린,1340,SUV,nonkor
혼다,준중형,CR-V,1.5 가솔린,1498,190,11.3,14.2,3690,가솔린,1532,SUV,nonkor
혼다,준중형,CR-V,1.5 가솔린 4WD,1498,190,10.4,13.1,3930,가솔린,1584,SUV,nonkor
혼다,준대형,파일럿,3.5 가솔린,3471,284,7.4,10,5490,가솔린,1950,SUV,nonkor
BMW,대형,7시리즈 플러그인 하이브리드,745e sDrive,2998,286,,,14670,하이브리드,1995,세단,nonkor
BMW,대형,7시리즈 플러그인 하이브리드,745Le sDrive,2998,286,,,16210,하이브리드,2035,세단,nonkor
BMW,대형,7시리즈,730d xDrive,2993,265,,,13700,디젤,1880,세단,nonkor
BMW,대형,7시리즈,740d xDrive,2993,320,,,14680,디젤,1915,세단,nonkor
BMW,대형,7시리즈,730Ld xDrive,2993,265,,,14800,디젤,1930,세단,nonkor
BMW,대형,7시리즈,740Li xDrive,2998,340,,,16200,가솔린,,세단,nonkor
BMW,대형,7시리즈,740Ld xDrive,2993,320,,,16290,디젤,1950,세단,nonkor
BMW,대형,7시리즈,750Li xDrive,4395,530,,,19700,가솔린,2000,세단,nonkor
BMW,대형,7시리즈,M760Li xDrive,6592,585,,,23220,가솔린,2220,세단,nonkor
BMW,중형,3시리즈,320d,1995,190,13,16.2,5320,디젤,1640,세단,nonkor
BMW,중형,3시리즈,320d xDrive,1995,190,,,5620,디젤,1695,세단,nonkor
BMW,중형,3시리즈,330i,1998,258,,,6020,가솔린,1620,세단,nonkor
BMW,중형,3시리즈,330i xDrive,1998,258,,,6320,가솔린,1695,세단,nonkor
BMW,준대형,M5,4.4 V8,4395,608,7.2,9.5,14510,가솔린,1940,세단,nonkor
BMW,중형,M3,3.0 I6,2979,450,8.4,10.7,11640,가솔린,1645,세단,nonkor
BMW,준대형,5시리즈,520i,1998,184,,,6330,가솔린,1615,세단,nonkor
BMW,준대형,5시리즈,520d,1995,190,12.8,16,6750,디젤,1710,세단,nonkor
BMW,준대형,5시리즈,520d xDrive,1995,190,12.8,16,7100,디젤,1770,세단,nonkor
BMW,준대형,5시리즈,530i,1998,252,,,7110,가솔린,1695,세단,nonkor
BMW,준대형,5시리즈,530i xDrive,1998,252,9.8,13.4,7470,가솔린,1740,세단,nonkor
BMW,준대형,5시리즈,530d,2993,265,12,15.9,8500,디젤,1845,세단,nonkor
BMW,준대형,5시리즈,540i xDrive,2998,340,8.8,12.8,9610,가솔린,1850,세단,nonkor
BMW,준대형,5시리즈,M550d xDrive,2993,400,12,15.9,12220,디젤,1960,세단,nonkor
닛산,중형,알티마,2.5 가솔린,2488,184,10.8,14.6,2960,가솔린,1470,세단,nonkor
닛산,중형,알티마,2.0 가솔린,1997,252,11.1,16,4140,가솔린,1555,세단,nonkor
닛산,준대형,맥시마,3.5 가솔린,3498,303,8.5,12.4,4430,가솔린,1645,세단,nonkor
렉서스,대형,LS 하이브리드,LS 500h,3456,299,11,12.3,14920,하이브리드,2295,세단,nonkor
렉서스,대형,LS 하이브리드,LS 500h AWD,3456,299,9.8,11.9,15520,하이브리드,2370,세단,nonkor
렉서스,대형,LS,LS 500,3445,422,7.3,11.9,12460,가솔린,2170,세단,nonkor
렉서스,대형,LS,LS 500 AWD,3445,422,6.7,10.7,13340,가솔린,2330,세단,nonkor
렉서스,중형,IS F 스포츠,IS F 스포츠 300,1998,245,8.7,12.9,5800,가솔린,1670,세단,nonkor
렉서스,중형,IS,IS 300,1998,245,8.7,12.9,4720,가솔린,1670,세단,nonkor
렉서스,준대형,ES 하이브리드,ES 300h,2487,178,17.1,17,5710,하이브리드,1715,세단,nonkor
링컨,준대형,MKZ 하이브리드,2.0 HEV,1999,141,16.5,16.1,4900,하이브리드,1775,세단,nonkor
링컨,준대형,MKZ,2.0 가솔린,1999,231,8.4,13.1,5740,가솔린,1770,세단,nonkor
링컨,준대형,MKZ,2.0 가솔린 AWD,1999,231,8,12.5,5940,가솔린,1840,세단,nonkor
마세라티,대형,콰트로포르테,콰트로포르테,2979,350,,,15790,가솔린,2030,세단,nonkor
마세라티,대형,콰트로포르테,콰트로포르테 S Q4,2979,430,,,18060,가솔린,2090,세단,nonkor
마세라티,대형,콰트로포르테,콰트로포르테 GTS,3799,530,,,23190,가솔린,2040,세단,nonkor
마세라티,준대형,기블리,기블리,2979,350,6.7,10,11640,가솔린,2000,세단,nonkor
마세라티,준대형,기블리,기블리 S Q4,2979,430,6.2,9.5,13120,가솔린,2070,세단,nonkor
메르세데스-벤츠,대형,S클래스,S 350 Long,2996,313,,,14700,가솔린,2130,세단,nonkor
메르세데스-벤츠,대형,S클래스,S 450 4MATIC Long,2996,367,,,16680,가솔린,2180,세단,nonkor
메르세데스-벤츠,대형,S클래스,S 560 4MATIC Long,3982,469,7.1,10.8,20240,가솔린,2275,세단,nonkor
메르세데스-벤츠,대형,마이바흐 S클래스,S 560 4MATIC,3982,469,6.9,10.3,24090,가솔린,2345,세단,nonkor
메르세데스-벤츠,대형,마이바흐 S클래스,S 650,5980,630,,,31540,가솔린,2400,세단,nonkor
메르세데스-벤츠,준대형,E 클래스,E 300,1991,245,9.6,12.6,6350,가솔린,1740,세단,nonkor
메르세데스-벤츠,준대형,E 클래스,E 220d,1950,194,13.1,15.7,6870,디젤,1770,세단,nonkor
메르세데스-벤츠,준대형,E 클래스,E 220d 4MATIC,1950,194,12.7,15,7390,디젤,1825,세단,nonkor
메르세데스-벤츠,준대형,E 클래스,E 300 4MATIC,1991,245,9.3,12,7970,가솔린,1790,세단,nonkor
메르세데스-벤츠,준대형,E 클래스,E 450 4MATIC,2996,362,7.8,10.9,10160,가솔린,1790,세단,nonkor
메르세데스-벤츠,중형,C클래스,C 220d,1950,194,13.2,16.3,5530,디젤,1650,세단,nonkor
메르세데스-벤츠,중형,C클래스,C 220d 4MATIC,1950,194,13,15.9,6060,디젤,,세단,nonkor
벤츠,중형,C 클래스 플러그인 하이브리드,C 350e,1991,211,,,6400,하이브리드,1850,세단,nonkor
볼보,중형,S60,T5,1969,254,9.2,13.8,4760,가솔린,1659,세단,nonkor
볼보,준대형,S90 플러그인 하이브리드,T8 AWD,1969,318,9.9,12.1,9900,하이브리드,2185,세단,nonkor
볼보,준대형,S90,T5,1969,254,9.7,13.3,5930,가솔린,1775,세단,nonkor
볼보,준대형,S90,D5 AWD,1969,235,11.5,16.1,6230,디젤,1880,세단,nonkor
쉐보레,준대형,임팔라,2.5 가솔린,2457,199,9.3,12.5,3350,가솔린,1675,세단,nonkor
쉐보레,준대형,임팔라,3.6 가솔린,3564,309,7.7,12,4288,가솔린,1730,세단,nonkor
아우디,준대형,A6,40 TFSI,1984,252,10.2,12.8,5939,가솔린,1710,세단,nonkor
아우디,준대형,A6,35 TDI,1968,190,13.2,16.9,6086,디젤,1780,세단,nonkor
아우디,중형,A4,30 TDI,1968,150,14,18,4706,디젤,1600,세단,nonkor
아우디,중형,A4,35 TDI,1968,190,14,18,4982,디젤,1610,세단,nonkor
인피니티,중형,Q50 하이브리드,3.5 HEV,3498,306,11,13.4,5760,하이브리드,1812,세단,nonkor
재규어,준대형,XF,20d,1999,180,,,5920,디젤,1825,세단,nonkor
재규어,준대형,XF,25t,1999,250,,,6030,가솔린,1745,세단,nonkor
재규어,준대형,XF,20d AWD,1999,180,,,6320,디젤,1875,세단,nonkor
재규어,준대형,XF,25t AWD,1999,250,,,6430,가솔린,1850,세단,nonkor
재규어,준대형,XF,3.0 SC AWD,2995,380,,,9490,가솔린,1920,세단,nonkor
재규어,중형,XE,20d,1999,180,,,5140,디젤,1720,세단,nonkor
재규어,중형,XE,20t,1997,200,,,5180,가솔린,1611,세단,nonkor
재규어,중형,XE,20d AWD,1999,180,,,5480,디젤,1785,세단,nonkor
재규어,중형,XE,3.0SC,2995,380,,,7560,가솔린,1775,세단,nonkor
재규어,대형,XJ,3.0D SWB,2993,300,10.4,15,12810,디젤,2020,세단,nonkor
재규어,대형,XJ,3.0D LWB,2993,300,10.4,15,14650,디젤,2050,세단,nonkor
재규어,대형,XJ,3.0SC AWD,2995,340,6.8,10.4,16540,가솔린,2080,세단,nonkor
캐딜락,대형,CT6,3.6 가솔린,3649,334,,,8880,가솔린,1874,세단,nonkor
캐딜락,준대형,CTS,2.0 가솔린 터보,1998,276,,,5517,가솔린,1675,세단,nonkor
캐딜락,준대형,CTS,2.0 가솔린 터보 AWD,1998,276,,,7088,가솔린,1750,세단,nonkor
캐딜락,준대형,CTS-V,6.2 가솔린,6162,648,,,12137,가솔린,1895,세단,nonkor
캐딜락,중형,ATS-V,3.6 가솔린,3564,470,,,8020,가솔린,1735,세단,nonkor
캐딜락,중형,ATS,ATS-V 2.0 가솔린 터보,1998,272,,,4406,가솔린,1585,세단,nonkor
캐딜락,중형,ATS,2.0 가솔린 터보 AWD,1998,272,,,5450,가솔린,1690,세단,nonkor
토요타,중형,캠리 하이브리드,2.5 HEV,2487,178,17.8,17.2,3740,하이브리드,1620,세단,nonkor
토요타,중형,캠리,2.5 가솔린,2487,207,10.7,14.9,3560,가솔린,1580,세단,nonkor
토요타,준대형,아발론 하이브리드,2.5HEV,2487,178,16.7,16.4,4660,하이브리드,1660,세단,nonkor
폭스바겐,중형,아테온,2.0 TDI,1968,190,,,5225,디젤,1684,세단,nonkor
폭스바겐,중형,파사트,2.0 TSI,1984,177,10.4,15.4,3613,가솔린,1555,세단,nonkor
폭스바겐,중형,파사트 GT,2.0 TDI,1968,190,13.7,17.2,4263,디젤,1566,세단,nonkor
푸조,중형,508 GT,2.0 BlueHDi,1997,177,12,15.5,5190,디젤,1680,세단,nonkor
푸조,중형,508,1.5 BlueHDi,1499,130,13.4,16.6,3990,디젤,1575,세단,nonkor
푸조,중형,508,2.0 BlueHDi,1997,177,12,15.5,4398,디젤,1680,세단,nonkor
혼다,준중형,시빅 스포츠,1.5 가솔린 터보,1498,177,,,3290,가솔린,1345,세단,nonkor
혼다,중형,어코드 하이브리드,2.0 HEV,1993,145,19.2,18.7,4470,하이브리드,1550,세단,nonkor
혼다,중형,어코드,1.5 가솔린 터보,1498,194,12.6,15.8,3690,가솔린,1465,세단,nonkor
혼다,중형,어코드,2.0 가솔린 터보 스포츠,1996,256,9.3,13.5,4230,가솔린,1550,세단,nonkor
